User_Input,Category
How can I stop wasting time on unnecessary tasks?,Time Management
I struggle to sleep due to constant worrying.,Stress
I start tasks but never finish them efficiently.,Productivity
I have difficulty staying grounded in stressful situations.,Mindfulness
I often underestimate how long my tasks will take.,Time Management
I struggle to sleep due to constant worrying.,Stress
I want to get more done in less time.,Productivity
I have difficulty staying grounded in stressful situations.,Mindfulness
I miss deadlines due to poor planning.,Time Management
I get overwhelmed with responsibilities and expectations.,Stress
I need better techniques to improve my efficiency.,Productivity
I have difficulty staying grounded in stressful situations.,Mindfulness
I always struggle to complete my tasks on time.,Time Management
I struggle to sleep due to constant worrying.,Stress
I start tasks but never finish them efficiently.,Productivity
How can I reduce overthinking and increase awareness?,Mindfulness
I can't manage my study and work schedules efficiently.,Time Management
I feel mentally exhausted and drained.,Stress
I want to get more done in less time.,Productivity
I have difficulty staying grounded in stressful situations.,Mindfulness
My to-do list keeps getting longer every day.,Time Management
I feel anxious when I have too many assignments.,Stress
How can I stay focused during long study sessions?,Productivity
How can I reduce overthinking and increase awareness?,Mindfulness
I can't manage my study and work schedules efficiently.,Time Management
I struggle to sleep due to constant worrying.,Stress
How can I be more disciplined with my daily routine?,Productivity
I need to be more mindful in my daily life.,Mindfulness
I miss deadlines due to poor planning.,Time Management
I get irritated easily when I have a lot on my plate.,Stress
I get sidetracked easily and waste time.,Productivity
I find it hard to relax and unwind.,Mindfulness
My to-do list keeps getting longer every day.,Time Management
"I overthink small mistakes, which affects my confidence.",Stress
I keep getting distracted when working.,Productivity
I feel disconnected from my surroundings often.,Mindfulness
I miss deadlines due to poor planning.,Time Management
I feel mentally exhausted and drained.,Stress
I often lose motivation to complete my work.,Productivity
I need techniques to manage my thoughts effectively.,Mindfulness
I want to develop better scheduling habits.,Time Management
How can I manage my stress during work and studies?,Stress
I need better techniques to improve my efficiency.,Productivity
How can I reduce overthinking and increase awareness?,Mindfulness
How can I improve my task prioritization skills?,Time Management
How can I stay calm in high-pressure situations?,Stress
How can I be more disciplined with my daily routine?,Productivity
How can I reduce overthinking and increase awareness?,Mindfulness
How can I improve my task prioritization skills?,Time Management
How can I stay calm in high-pressure situations?,Stress
I struggle to concentrate when working from home.,Productivity
I need to be more mindful in my daily life.,Mindfulness
I can't manage my study and work schedules efficiently.,Time Management
I get irritated easily when I have a lot on my plate.,Stress
I feel like I'm not making the most of my time.,Productivity
I have difficulty staying grounded in stressful situations.,Mindfulness
How can I improve my task prioritization skills?,Time Management
Exam periods make me extremely nervous and overwhelmed.,Stress
I want to get more done in less time.,Productivity
I have difficulty staying grounded in stressful situations.,Mindfulness
How can I improve my task prioritization skills?,Time Management
How can I stay calm in high-pressure situations?,Stress
I need better techniques to improve my efficiency.,Productivity
How can I reduce overthinking and increase awareness?,Mindfulness
How can I stop wasting time on unnecessary tasks?,Time Management
How can I manage my stress during work and studies?,Stress
How can I stay focused during long study sessions?,Productivity
I struggle to stay present in the moment.,Mindfulness
I can't manage my study and work schedules efficiently.,Time Management
I struggle to sleep due to constant worrying.,Stress
How can I be more disciplined with my daily routine?,Productivity
I feel disconnected from my surroundings often.,Mindfulness
I miss deadlines due to poor planning.,Time Management
I feel mentally exhausted and drained.,Stress
I need better techniques to improve my efficiency.,Productivity
How can I practice meditation for better well-being?,Mindfulness
I miss deadlines due to poor planning.,Time Management
I struggle to sleep due to constant worrying.,Stress
How can I be more disciplined with my daily routine?,Productivity
I need to be more mindful in my daily life.,Mindfulness
How can I stop wasting time on unnecessary tasks?,Time Management
How can I stay calm in high-pressure situations?,Stress
I feel like I'm not making the most of my time.,Productivity
I feel disconnected from my surroundings often.,Mindfulness
I can't manage my study and work schedules efficiently.,Time Management
I get overwhelmed with responsibilities and expectations.,Stress
How can I be more disciplined with my daily routine?,Productivity
How can I develop a routine for mindfulness?,Mindfulness
I miss deadlines due to poor planning.,Time Management
How can I manage my stress during work and studies?,Stress
I often lose motivation to complete my work.,Productivity
I struggle to stay present in the moment.,Mindfulness
I often underestimate how long my tasks will take.,Time Management
I feel anxious when I have too many assignments.,Stress
I need better techniques to improve my efficiency.,Productivity
I need to be more mindful in my daily life.,Mindfulness
My to-do list keeps getting longer every day.,Time Management
How can I stay calm in high-pressure situations?,Stress
How can I stay focused during long study sessions?,Productivity
I struggle to stay present in the moment.,Mindfulness
How can I stop wasting time on unnecessary tasks?,Time Management
I feel anxious when I have too many assignments.,Stress
I need better techniques to improve my efficiency.,Productivity
How can I reduce overthinking and increase awareness?,Mindfulness
How can I improve my task prioritization skills?,Time Management
I get irritated easily when I have a lot on my plate.,Stress
I keep getting distracted when working.,Productivity
I have difficulty staying grounded in stressful situations.,Mindfulness
I struggle to balance my coursework and social life.,Time Management
"I overthink small mistakes, which affects my confidence.",Stress
I struggle to concentrate when working from home.,Productivity
I feel disconnected from my surroundings often.,Mindfulness
I need a better way to track my daily activities.,Time Management
How can I manage my stress during work and studies?,Stress
I want to get more done in less time.,Productivity
I need techniques to manage my thoughts effectively.,Mindfulness
I want to develop better scheduling habits.,Time Management
Exam periods make me extremely nervous and overwhelmed.,Stress
How can I stay focused during long study sessions?,Productivity
I have difficulty staying grounded in stressful situations.,Mindfulness
I miss deadlines due to poor planning.,Time Management
I feel mentally exhausted and drained.,Stress
I keep getting distracted when working.,Productivity
I need to be more mindful in my daily life.,Mindfulness
I want to develop better scheduling habits.,Time Management
"I overthink small mistakes, which affects my confidence.",Stress
I start tasks but never finish them efficiently.,Productivity
I need to be more mindful in my daily life.,Mindfulness
I can't manage my study and work schedules efficiently.,Time Management
I often panic under pressure.,Stress
How can I be more disciplined with my daily routine?,Productivity
I need techniques to manage my thoughts effectively.,Mindfulness
My to-do list keeps getting longer every day.,Time Management
I often panic under pressure.,Stress
I get sidetracked easily and waste time.,Productivity
How can I reduce overthinking and increase awareness?,Mindfulness
I often underestimate how long my tasks will take.,Time Management
I get overwhelmed with responsibilities and expectations.,Stress
How can I be more disciplined with my daily routine?,Productivity
I find it hard to relax and unwind.,Mindfulness
I always struggle to complete my tasks on time.,Time Management
I get overwhelmed with responsibilities and expectations.,Stress
I start tasks but never finish them efficiently.,Productivity
How can I develop a routine for mindfulness?,Mindfulness
I need a better way to track my daily activities.,Time Management
How can I stay calm in high-pressure situations?,Stress
How can I stay focused during long study sessions?,Productivity
I struggle to stay present in the moment.,Mindfulness
I need a better way to track my daily activities.,Time Management
I struggle to sleep due to constant worrying.,Stress
I feel like I'm not making the most of my time.,Productivity
I need to be more mindful in my daily life.,Mindfulness
I need a better way to track my daily activities.,Time Management
I get overwhelmed with responsibilities and expectations.,Stress
I keep getting distracted when working.,Productivity
I find it hard to relax and unwind.,Mindfulness
I want to develop better scheduling habits.,Time Management
Exam periods make me extremely nervous and overwhelmed.,Stress
I get sidetracked easily and waste time.,Productivity
I have difficulty staying grounded in stressful situations.,Mindfulness
I often underestimate how long my tasks will take.,Time Management
I struggle to sleep due to constant worrying.,Stress
I feel like I'm not making the most of my time.,Productivity
I have difficulty staying grounded in stressful situations.,Mindfulness
I always struggle to complete my tasks on time.,Time Management
I get irritated easily when I have a lot on my plate.,Stress
How can I stay focused during long study sessions?,Productivity
I need techniques to manage my thoughts effectively.,Mindfulness
I always struggle to complete my tasks on time.,Time Management
I feel anxious when I have too many assignments.,Stress
I struggle to concentrate when working from home.,Productivity
How can I reduce overthinking and increase awareness?,Mindfulness
I want to develop better scheduling habits.,Time Management
How can I stay calm in high-pressure situations?,Stress
I get sidetracked easily and waste time.,Productivity
I find it hard to relax and unwind.,Mindfulness
I need a better way to track my daily activities.,Time Management
I get irritated easily when I have a lot on my plate.,Stress
How can I be more disciplined with my daily routine?,Productivity
How can I develop a routine for mindfulness?,Mindfulness
I always struggle to complete my tasks on time.,Time Management
I get irritated easily when I have a lot on my plate.,Stress
I need better techniques to improve my efficiency.,Productivity
I want to improve my focus through mindfulness.,Mindfulness
I struggle to balance my coursework and social life.,Time Management
I get overwhelmed with responsibilities and expectations.,Stress
I start tasks but never finish them efficiently.,Productivity
I need techniques to manage my thoughts effectively.,Mindfulness
I can't manage my study and work schedules efficiently.,Time Management
I get irritated easily when I have a lot on my plate.,Stress
I struggle to concentrate when working from home.,Productivity
I need to be more mindful in my daily life.,Mindfulness
How can I improve my task prioritization skills?,Time Management
I struggle to sleep due to constant worrying.,Stress
I keep getting distracted when working.,Productivity
How can I develop a routine for mindfulness?,Mindfulness
I need a better way to track my daily activities.,Time Management
I struggle to sleep due to constant worrying.,Stress
I feel like I'm not making the most of my time.,Productivity
I have difficulty staying grounded in stressful situations.,Mindfulness
I can't manage my study and work schedules efficiently.,Time Management
I get irritated easily when I have a lot on my plate.,Stress
I need better techniques to improve my efficiency.,Productivity
How can I practice meditation for better well-being?,Mindfulness
I want to develop better scheduling habits.,Time Management
I feel mentally exhausted and drained.,Stress
I get sidetracked easily and waste time.,Productivity
How can I practice meditation for better well-being?,Mindfulness
I want to develop better scheduling habits.,Time Management
"I overthink small mistakes, which affects my confidence.",Stress
I need better techniques to improve my efficiency.,Productivity
I feel disconnected from my surroundings often.,Mindfulness
My to-do list keeps getting longer every day.,Time Management
I feel anxious when I have too many assignments.,Stress
I often lose motivation to complete my work.,Productivity
I feel disconnected from my surroundings often.,Mindfulness
I need a better way to track my daily activities.,Time Management
Exam periods make me extremely nervous and overwhelmed.,Stress
I get sidetracked easily and waste time.,Productivity
How can I practice meditation for better well-being?,Mindfulness
How can I stop wasting time on unnecessary tasks?,Time Management
I struggle to sleep due to constant worrying.,Stress
I want to get more done in less time.,Productivity
I feel disconnected from my surroundings often.,Mindfulness
How can I stop wasting time on unnecessary tasks?,Time Management
How can I stay calm in high-pressure situations?,Stress
I feel like I'm not making the most of my time.,Productivity
I need to be more mindful in my daily life.,Mindfulness
I always struggle to complete my tasks on time.,Time Management
Exam periods make me extremely nervous and overwhelmed.,Stress
How can I stay focused during long study sessions?,Productivity
I struggle to stay present in the moment.,Mindfulness
I often underestimate how long my tasks will take.,Time Management
I struggle to sleep due to constant worrying.,Stress
I get sidetracked easily and waste time.,Productivity
I need to be more mindful in my daily life.,Mindfulness
I often underestimate how long my tasks will take.,Time Management
I often panic under pressure.,Stress
How can I stay focused during long study sessions?,Productivity
I have difficulty staying grounded in stressful situations.,Mindfulness
How can I stop wasting time on unnecessary tasks?,Time Management
How can I stay calm in high-pressure situations?,Stress
I struggle to concentrate when working from home.,Productivity
I struggle to stay present in the moment.,Mindfulness
I always struggle to complete my tasks on time.,Time Management
How can I manage my stress during work and studies?,Stress
How can I stay focused during long study sessions?,Productivity
I struggle to stay present in the moment.,Mindfulness
I often underestimate how long my tasks will take.,Time Management
"I overthink small mistakes, which affects my confidence.",Stress
I need better techniques to improve my efficiency.,Productivity
I need to be more mindful in my daily life.,Mindfulness
I always struggle to complete my tasks on time.,Time Management
I struggle to sleep due to constant worrying.,Stress
I keep getting distracted when working.,Productivity
How can I develop a routine for mindfulness?,Mindfulness
I often underestimate how long my tasks will take.,Time Management
I often panic under pressure.,Stress
I often lose motivation to complete my work.,Productivity
I find it hard to relax and unwind.,Mindfulness
I struggle to balance my coursework and social life.,Time Management
I feel mentally exhausted and drained.,Stress
How can I be more disciplined with my daily routine?,Productivity
How can I develop a routine for mindfulness?,Mindfulness
How can I improve my task prioritization skills?,Time Management
I struggle to sleep due to constant worrying.,Stress
I keep getting distracted when working.,Productivity
I need to be more mindful in my daily life.,Mindfulness
I struggle to balance my coursework and social life.,Time Management
I struggle to sleep due to constant worrying.,Stress
How can I stay focused during long study sessions?,Productivity
How can I practice meditation for better well-being?,Mindfulness
I want to develop better scheduling habits.,Time Management
I often panic under pressure.,Stress
I struggle to concentrate when working from home.,Productivity
I find it hard to relax and unwind.,Mindfulness
How can I improve my task prioritization skills?,Time Management
I get irritated easily when I have a lot on my plate.,Stress
I need better techniques to improve my efficiency.,Productivity
How can I develop a routine for mindfulness?,Mindfulness
I often underestimate how long my tasks will take.,Time Management
I get irritated easily when I have a lot on my plate.,Stress
How can I stay focused during long study sessions?,Productivity
How can I practice meditation for better well-being?,Mindfulness
I want to develop better scheduling habits.,Time Management
I feel anxious when I have too many assignments.,Stress
I get sidetracked easily and waste time.,Productivity
I need to be more mindful in my daily life.,Mindfulness
How can I improve my task prioritization skills?,Time Management
I struggle to sleep due to constant worrying.,Stress
I feel like I'm not making the most of my time.,Productivity
I want to improve my focus through mindfulness.,Mindfulness
I want to develop better scheduling habits.,Time Management
I get irritated easily when I have a lot on my plate.,Stress
I want to get more done in less time.,Productivity
How can I practice meditation for better well-being?,Mindfulness
I can't manage my study and work schedules efficiently.,Time Management
Exam periods make me extremely nervous and overwhelmed.,Stress
I struggle to concentrate when working from home.,Productivity
I want to improve my focus through mindfulness.,Mindfulness
I want to develop better scheduling habits.,Time Management
I get irritated easily when I have a lot on my plate.,Stress
I struggle to concentrate when working from home.,Productivity
How can I practice meditation for better well-being?,Mindfulness
I need a better way to track my daily activities.,Time Management
I struggle to sleep due to constant worrying.,Stress
How can I stay focused during long study sessions?,Productivity
How can I reduce overthinking and increase awareness?,Mindfulness
I need a better way to track my daily activities.,Time Management
I often panic under pressure.,Stress
I struggle to concentrate when working from home.,Productivity
I have difficulty staying grounded in stressful situations.,Mindfulness
I want to develop better scheduling habits.,Time Management
I get irritated easily when I have a lot on my plate.,Stress
I keep getting distracted when working.,Productivity
I have difficulty staying grounded in stressful situations.,Mindfulness
I struggle to balance my coursework and social life.,Time Management
I get overwhelmed with responsibilities and expectations.,Stress
I want to get more done in less time.,Productivity
How can I reduce overthinking and increase awareness?,Mindfulness
I need a better way to track my daily activities.,Time Management
I struggle to sleep due to constant worrying.,Stress
I feel like I'm not making the most of my time.,Productivity
How can I practice meditation for better well-being?,Mindfulness
I miss deadlines due to poor planning.,Time Management
How can I stay calm in high-pressure situations?,Stress
I feel like I'm not making the most of my time.,Productivity
I need techniques to manage my thoughts effectively.,Mindfulness
I can't manage my study and work schedules efficiently.,Time Management
How can I manage my stress during work and studies?,Stress
How can I stay focused during long study sessions?,Productivity
I need to be more mindful in my daily life.,Mindfulness
I always struggle to complete my tasks on time.,Time Management
"I overthink small mistakes, which affects my confidence.",Stress
I struggle to concentrate when working from home.,Productivity
I feel disconnected from my surroundings often.,Mindfulness
I want to develop better scheduling habits.,Time Management
I get irritated easily when I have a lot on my plate.,Stress
How can I be more disciplined with my daily routine?,Productivity
I need techniques to manage my thoughts effectively.,Mindfulness
I always struggle to complete my tasks on time.,Time Management
How can I stay calm in high-pressure situations?,Stress
I often lose motivation to complete my work.,Productivity
I feel disconnected from my surroundings often.,Mindfulness
My to-do list keeps getting longer every day.,Time Management
Exam periods make me extremely nervous and overwhelmed.,Stress
How can I be more disciplined with my daily routine?,Productivity
I feel disconnected from my surroundings often.,Mindfulness
I can't manage my study and work schedules efficiently.,Time Management
I get overwhelmed with responsibilities and expectations.,Stress
I want to get more done in less time.,Productivity
How can I practice meditation for better well-being?,Mindfulness
I miss deadlines due to poor planning.,Time Management
I feel mentally exhausted and drained.,Stress
I keep getting distracted when working.,Productivity
I have difficulty staying grounded in stressful situations.,Mindfulness
My to-do list keeps getting longer every day.,Time Management
Exam periods make me extremely nervous and overwhelmed.,Stress
I want to get more done in less time.,Productivity
I need techniques to manage my thoughts effectively.,Mindfulness
My to-do list keeps getting longer every day.,Time Management
Exam periods make me extremely nervous and overwhelmed.,Stress
I keep getting distracted when working.,Productivity
I need to be more mindful in my daily life.,Mindfulness
How can I improve my task prioritization skills?,Time Management
I struggle to sleep due to constant worrying.,Stress
I want to get more done in less time.,Productivity
I find it hard to relax and unwind.,Mindfulness
How can I stop wasting time on unnecessary tasks?,Time Management
I get irritated easily when I have a lot on my plate.,Stress
I often lose motivation to complete my work.,Productivity
I find it hard to relax and unwind.,Mindfulness
I need a better way to track my daily activities.,Time Management
How can I manage my stress during work and studies?,Stress
I start tasks but never finish them efficiently.,Productivity
I find it hard to relax and unwind.,Mindfulness
How can I stop wasting time on unnecessary tasks?,Time Management
How can I stay calm in high-pressure situations?,Stress
I need better techniques to improve my efficiency.,Productivity
I want to improve my focus through mindfulness.,Mindfulness
How can I stop wasting time on unnecessary tasks?,Time Management
I get overwhelmed with responsibilities and expectations.,Stress
How can I stay focused during long study sessions?,Productivity
I need to be more mindful in my daily life.,Mindfulness
I need a better way to track my daily activities.,Time Management
I struggle to sleep due to constant worrying.,Stress
I feel like I'm not making the most of my time.,Productivity
How can I develop a routine for mindfulness?,Mindfulness
I often underestimate how long my tasks will take.,Time Management
Exam periods make me extremely nervous and overwhelmed.,Stress
I want to get more done in less time.,Productivity
I want to improve my focus through mindfulness.,Mindfulness
I need a better way to track my daily activities.,Time Management
How can I stay calm in high-pressure situations?,Stress
I need better techniques to improve my efficiency.,Productivity
I find it hard to relax and unwind.,Mindfulness
I want to develop better scheduling habits.,Time Management
How can I manage my stress during work and studies?,Stress
How can I stay focused during long study sessions?,Productivity
I find it hard to relax and unwind.,Mindfulness
I struggle to balance my coursework and social life.,Time Management
I struggle to sleep due to constant worrying.,Stress
I want to get more done in less time.,Productivity
I have difficulty staying grounded in stressful situations.,Mindfulness
I miss deadlines due to poor planning.,Time Management
I get irritated easily when I have a lot on my plate.,Stress
I feel like I'm not making the most of my time.,Productivity
How can I practice meditation for better well-being?,Mindfulness
How can I improve my task prioritization skills?,Time Management
I get overwhelmed with responsibilities and expectations.,Stress
I get sidetracked easily and waste time.,Productivity
I feel disconnected from my surroundings often.,Mindfulness
I want to develop better scheduling habits.,Time Management
I feel anxious when I have too many assignments.,Stress
I keep getting distracted when working.,Productivity
I need techniques to manage my thoughts effectively.,Mindfulness
I always struggle to complete my tasks on time.,Time Management
I struggle to sleep due to constant worrying.,Stress
I keep getting distracted when working.,Productivity
I struggle to stay present in the moment.,Mindfulness
I need a better way to track my daily activities.,Time Management
I get irritated easily when I have a lot on my plate.,Stress
I need better techniques to improve my efficiency.,Productivity
How can I reduce overthinking and increase awareness?,Mindfulness
I struggle to balance my coursework and social life.,Time Management
Exam periods make me extremely nervous and overwhelmed.,Stress
I want to get more done in less time.,Productivity
I need to be more mindful in my daily life.,Mindfulness
I often underestimate how long my tasks will take.,Time Management
How can I stay calm in high-pressure situations?,Stress
How can I be more disciplined with my daily routine?,Productivity
I feel disconnected from my surroundings often.,Mindfulness
How can I stop wasting time on unnecessary tasks?,Time Management
I get irritated easily when I have a lot on my plate.,Stress
I feel like I'm not making the most of my time.,Productivity
How can I practice meditation for better well-being?,Mindfulness
How can I improve my task prioritization skills?,Time Management
How can I stay calm in high-pressure situations?,Stress
I get sidetracked easily and waste time.,Productivity
I have difficulty staying grounded in stressful situations.,Mindfulness
I always struggle to complete my tasks on time.,Time Management
I feel anxious when I have too many assignments.,Stress
I struggle to concentrate when working from home.,Productivity
How can I practice meditation for better well-being?,Mindfulness
I often underestimate how long my tasks will take.,Time Management
I struggle to sleep due to constant worrying.,Stress
I feel like I'm not making the most of my time.,Productivity
I need to be more mindful in my daily life.,Mindfulness
I often underestimate how long my tasks will take.,Time Management
I get overwhelmed with responsibilities and expectations.,Stress
I want to get more done in less time.,Productivity
I have difficulty staying grounded in stressful situations.,Mindfulness
I miss deadlines due to poor planning.,Time Management
I get overwhelmed with responsibilities and expectations.,Stress
How can I be more disciplined with my daily routine?,Productivity
I need to be more mindful in my daily life.,Mindfulness
I want to develop better scheduling habits.,Time Management
"I overthink small mistakes, which affects my confidence.",Stress
How can I stay focused during long study sessions?,Productivity
How can I practice meditation for better well-being?,Mindfulness
How can I improve my task prioritization skills?,Time Management
How can I stay calm in high-pressure situations?,Stress
How can I be more disciplined with my daily routine?,Productivity
I need to be more mindful in my daily life.,Mindfulness
My to-do list keeps getting longer every day.,Time Management
I feel mentally exhausted and drained.,Stress
I start tasks but never finish them efficiently.,Productivity
How can I reduce overthinking and increase awareness?,Mindfulness
I can't manage my study and work schedules efficiently.,Time Management
How can I manage my stress during work and studies?,Stress
I often lose motivation to complete my work.,Productivity
I want to improve my focus through mindfulness.,Mindfulness
How can I improve my task prioritization skills?,Time Management
I get irritated easily when I have a lot on my plate.,Stress
How can I be more disciplined with my daily routine?,Productivity
I feel disconnected from my surroundings often.,Mindfulness
I always struggle to complete my tasks on time.,Time Management
I struggle to sleep due to constant worrying.,Stress
I need better techniques to improve my efficiency.,Productivity
I need techniques to manage my thoughts effectively.,Mindfulness
I need a better way to track my daily activities.,Time Management
I often panic under pressure.,Stress
I keep getting distracted when working.,Productivity
How can I practice meditation for better well-being?,Mindfulness
How can I stop wasting time on unnecessary tasks?,Time Management
I often panic under pressure.,Stress
I want to get more done in less time.,Productivity
I feel disconnected from my surroundings often.,Mindfulness
I want to develop better scheduling habits.,Time Management
I struggle to sleep due to constant worrying.,Stress
I keep getting distracted when working.,Productivity
I find it hard to relax and unwind.,Mindfulness
I always struggle to complete my tasks on time.,Time Management
I get overwhelmed with responsibilities and expectations.,Stress
I feel like I'm not making the most of my time.,Productivity
I want to improve my focus through mindfulness.,Mindfulness
My to-do list keeps getting longer every day.,Time Management
I feel anxious when I have too many assignments.,Stress
I often lose motivation to complete my work.,Productivity
I need techniques to manage my thoughts effectively.,Mindfulness
I always struggle to complete my tasks on time.,Time Management
Exam periods make me extremely nervous and overwhelmed.,Stress
I often lose motivation to complete my work.,Productivity
How can I develop a routine for mindfulness?,Mindfulness
I need a better way to track my daily activities.,Time Management
How can I stay calm in high-pressure situations?,Stress
I want to get more done in less time.,Productivity
How can I reduce overthinking and increase awareness?,Mindfulness
I often underestimate how long my tasks will take.,Time Management
I feel anxious when I have too many assignments.,Stress
How can I be more disciplined with my daily routine?,Productivity
I find it hard to relax and unwind.,Mindfulness
I need a better way to track my daily activities.,Time Management
I often panic under pressure.,Stress
I often lose motivation to complete my work.,Productivity
How can I practice meditation for better well-being?,Mindfulness
How can I improve my task prioritization skills?,Time Management
I feel anxious when I have too many assignments.,Stress
I start tasks but never finish them efficiently.,Productivity
I feel disconnected from my surroundings often.,Mindfulness
I need a better way to track my daily activities.,Time Management
"I overthink small mistakes, which affects my confidence.",Stress
How can I stay focused during long study sessions?,Productivity
I have difficulty staying grounded in stressful situations.,Mindfulness
I want to develop better scheduling habits.,Time Management
Exam periods make me extremely nervous and overwhelmed.,Stress
I often lose motivation to complete my work.,Productivity
How can I practice meditation for better well-being?,Mindfulness
I want to develop better scheduling habits.,Time Management
I feel mentally exhausted and drained.,Stress
How can I be more disciplined with my daily routine?,Productivity
I struggle to stay present in the moment.,Mindfulness
I need a better way to track my daily activities.,Time Management
I get overwhelmed with responsibilities and expectations.,Stress
I struggle to concentrate when working from home.,Productivity
How can I practice meditation for better well-being?,Mindfulness
I always struggle to complete my tasks on time.,Time Management
I often panic under pressure.,Stress
I want to get more done in less time.,Productivity
I struggle to stay present in the moment.,Mindfulness
I want to develop better scheduling habits.,Time Management
How can I stay calm in high-pressure situations?,Stress
I need better techniques to improve my efficiency.,Productivity
How can I develop a routine for mindfulness?,Mindfulness
I want to develop better scheduling habits.,Time Management
I struggle to sleep due to constant worrying.,Stress
I feel like I'm not making the most of my time.,Productivity
I struggle to stay present in the moment.,Mindfulness
I always struggle to complete my tasks on time.,Time Management
How can I stay calm in high-pressure situations?,Stress
I get sidetracked easily and waste time.,Productivity
I want to improve my focus through mindfulness.,Mindfulness
I always struggle to complete my tasks on time.,Time Management
How can I manage my stress during work and studies?,Stress
I struggle to concentrate when working from home.,Productivity
How can I practice meditation for better well-being?,Mindfulness
My to-do list keeps getting longer every day.,Time Management
I feel anxious when I have too many assignments.,Stress
I get sidetracked easily and waste time.,Productivity
I find it hard to relax and unwind.,Mindfulness
I want to develop better scheduling habits.,Time Management
"I overthink small mistakes, which affects my confidence.",Stress
I struggle to concentrate when working from home.,Productivity
I need to be more mindful in my daily life.,Mindfulness
I need a better way to track my daily activities.,Time Management
I get irritated easily when I have a lot on my plate.,Stress
I keep getting distracted when working.,Productivity
I want to improve my focus through mindfulness.,Mindfulness
How can I stop wasting time on unnecessary tasks?,Time Management
How can I manage my stress during work and studies?,Stress
I often lose motivation to complete my work.,Productivity
I want to improve my focus through mindfulness.,Mindfulness
My to-do list keeps getting longer every day.,Time Management
"I overthink small mistakes, which affects my confidence.",Stress
I often lose motivation to complete my work.,Productivity
I have difficulty staying grounded in stressful situations.,Mindfulness
I need a better way to track my daily activities.,Time Management
I often panic under pressure.,Stress
How can I be more disciplined with my daily routine?,Productivity
How can I develop a routine for mindfulness?,Mindfulness
How can I improve my task prioritization skills?,Time Management
I feel anxious when I have too many assignments.,Stress
I struggle to concentrate when working from home.,Productivity
How can I reduce overthinking and increase awareness?,Mindfulness
I can't manage my study and work schedules efficiently.,Time Management
"I overthink small mistakes, which affects my confidence.",Stress
I want to get more done in less time.,Productivity
I have difficulty staying grounded in stressful situations.,Mindfulness
My to-do list keeps getting longer every day.,Time Management
How can I stay calm in high-pressure situations?,Stress
I want to get more done in less time.,Productivity
I need techniques to manage my thoughts effectively.,Mindfulness
I struggle to balance my coursework and social life.,Time Management
How can I stay calm in high-pressure situations?,Stress
I often lose motivation to complete my work.,Productivity
I need techniques to manage my thoughts effectively.,Mindfulness
I struggle to balance my coursework and social life.,Time Management
I feel mentally exhausted and drained.,Stress
I keep getting distracted when working.,Productivity
I have difficulty staying grounded in stressful situations.,Mindfulness
I can't manage my study and work schedules efficiently.,Time Management
How can I stay calm in high-pressure situations?,Stress
I keep getting distracted when working.,Productivity
How can I reduce overthinking and increase awareness?,Mindfulness
I always struggle to complete my tasks on time.,Time Management
I get overwhelmed with responsibilities and expectations.,Stress
I struggle to concentrate when working from home.,Productivity
I feel disconnected from my surroundings often.,Mindfulness
I struggle to balance my coursework and social life.,Time Management
I struggle to sleep due to constant worrying.,Stress
I keep getting distracted when working.,Productivity
I need techniques to manage my thoughts effectively.,Mindfulness
I miss deadlines due to poor planning.,Time Management
I feel anxious when I have too many assignments.,Stress
How can I be more disciplined with my daily routine?,Productivity
I struggle to stay present in the moment.,Mindfulness
How can I stop wasting time on unnecessary tasks?,Time Management
I struggle to sleep due to constant worrying.,Stress
How can I be more disciplined with my daily routine?,Productivity
How can I practice meditation for better well-being?,Mindfulness
I need a better way to track my daily activities.,Time Management
I get overwhelmed with responsibilities and expectations.,Stress
I keep getting distracted when working.,Productivity
How can I develop a routine for mindfulness?,Mindfulness
I miss deadlines due to poor planning.,Time Management
I feel mentally exhausted and drained.,Stress
I feel like I'm not making the most of my time.,Productivity
I want to improve my focus through mindfulness.,Mindfulness
I can't manage my study and work schedules efficiently.,Time Management
I get irritated easily when I have a lot on my plate.,Stress
I struggle to concentrate when working from home.,Productivity
How can I reduce overthinking and increase awareness?,Mindfulness
How can I improve my task prioritization skills?,Time Management
How can I stay calm in high-pressure situations?,Stress
I often lose motivation to complete my work.,Productivity
How can I practice meditation for better well-being?,Mindfulness
I often underestimate how long my tasks will take.,Time Management
I struggle to sleep due to constant worrying.,Stress
I often lose motivation to complete my work.,Productivity
I have difficulty staying grounded in stressful situations.,Mindfulness
I need a better way to track my daily activities.,Time Management
Exam periods make me extremely nervous and overwhelmed.,Stress
How can I stay focused during long study sessions?,Productivity
How can I practice meditation for better well-being?,Mindfulness
I can't manage my study and work schedules efficiently.,Time Management
"I overthink small mistakes, which affects my confidence.",Stress
I need better techniques to improve my efficiency.,Productivity
I need to be more mindful in my daily life.,Mindfulness
I can't manage my study and work schedules efficiently.,Time Management
I get overwhelmed with responsibilities and expectations.,Stress
I struggle to concentrate when working from home.,Productivity
How can I practice meditation for better well-being?,Mindfulness
I need a better way to track my daily activities.,Time Management
How can I manage my stress during work and studies?,Stress
I start tasks but never finish them efficiently.,Productivity
I need techniques to manage my thoughts effectively.,Mindfulness
I want to develop better scheduling habits.,Time Management
I struggle to sleep due to constant worrying.,Stress
I often lose motivation to complete my work.,Productivity
How can I practice meditation for better well-being?,Mindfulness
I always struggle to complete my tasks on time.,Time Management
How can I manage my stress during work and studies?,Stress
I need better techniques to improve my efficiency.,Productivity
I need to be more mindful in my daily life.,Mindfulness
I can't manage my study and work schedules efficiently.,Time Management
I feel anxious when I have too many assignments.,Stress
I want to get more done in less time.,Productivity
I find it hard to relax and unwind.,Mindfulness
I miss deadlines due to poor planning.,Time Management
I feel anxious when I have too many assignments.,Stress
How can I stay focused during long study sessions?,Productivity
I want to improve my focus through mindfulness.,Mindfulness
How can I stop wasting time on unnecessary tasks?,Time Management
I feel anxious when I have too many assignments.,Stress
I get sidetracked easily and waste time.,Productivity
I feel disconnected from my surroundings often.,Mindfulness
How can I improve my task prioritization skills?,Time Management
I often panic under pressure.,Stress
How can I be more disciplined with my daily routine?,Productivity
How can I develop a routine for mindfulness?,Mindfulness
I struggle to balance my coursework and social life.,Time Management
How can I manage my stress during work and studies?,Stress
How can I stay focused during long study sessions?,Productivity
How can I practice meditation for better well-being?,Mindfulness
I struggle to balance my coursework and social life.,Time Management
I often panic under pressure.,Stress
I need better techniques to improve my efficiency.,Productivity
How can I reduce overthinking and increase awareness?,Mindfulness
I always struggle to complete my tasks on time.,Time Management
How can I manage my stress during work and studies?,Stress
How can I stay focused during long study sessions?,Productivity
I find it hard to relax and unwind.,Mindfulness
How can I stop wasting time on unnecessary tasks?,Time Management
"I overthink small mistakes, which affects my confidence.",Stress
I start tasks but never finish them efficiently.,Productivity
I want to improve my focus through mindfulness.,Mindfulness
I need a better way to track my daily activities.,Time Management
I feel anxious when I have too many assignments.,Stress
I start tasks but never finish them efficiently.,Productivity
I find it hard to relax and unwind.,Mindfulness
My to-do list keeps getting longer every day.,Time Management
I get overwhelmed with responsibilities and expectations.,Stress
I often lose motivation to complete my work.,Productivity
How can I reduce overthinking and increase awareness?,Mindfulness
I miss deadlines due to poor planning.,Time Management
How can I manage my stress during work and studies?,Stress
I feel like I'm not making the most of my time.,Productivity
I feel disconnected from my surroundings often.,Mindfulness
I need a better way to track my daily activities.,Time Management
I get overwhelmed with responsibilities and expectations.,Stress
How can I be more disciplined with my daily routine?,Productivity
How can I reduce overthinking and increase awareness?,Mindfulness
I miss deadlines due to poor planning.,Time Management
Exam periods make me extremely nervous and overwhelmed.,Stress
I start tasks but never finish them efficiently.,Productivity
I find it hard to relax and unwind.,Mindfulness
I can't manage my study and work schedules efficiently.,Time Management
I feel mentally exhausted and drained.,Stress
I want to get more done in less time.,Productivity
I find it hard to relax and unwind.,Mindfulness
I need a better way to track my daily activities.,Time Management
I struggle to sleep due to constant worrying.,Stress
I struggle to concentrate when working from home.,Productivity
I want to improve my focus through mindfulness.,Mindfulness
I struggle to balance my coursework and social life.,Time Management
I struggle to sleep due to constant worrying.,Stress
I often lose motivation to complete my work.,Productivity
How can I develop a routine for mindfulness?,Mindfulness
I can't manage my study and work schedules efficiently.,Time Management
How can I manage my stress during work and studies?,Stress
I need better techniques to improve my efficiency.,Productivity
I need techniques to manage my thoughts effectively.,Mindfulness
How can I stop wasting time on unnecessary tasks?,Time Management
I struggle to sleep due to constant worrying.,Stress
I keep getting distracted when working.,Productivity
I have difficulty staying grounded in stressful situations.,Mindfulness
I can't manage my study and work schedules efficiently.,Time Management
I get irritated easily when I have a lot on my plate.,Stress
I often lose motivation to complete my work.,Productivity
I find it hard to relax and unwind.,Mindfulness
I need a better way to track my daily activities.,Time Management
Exam periods make me extremely nervous and overwhelmed.,Stress
I often lose motivation to complete my work.,Productivity
How can I reduce overthinking and increase awareness?,Mindfulness
I want to develop better scheduling habits.,Time Management
I feel mentally exhausted and drained.,Stress
I start tasks but never finish them efficiently.,Productivity
I feel disconnected from my surroundings often.,Mindfulness
I always struggle to complete my tasks on time.,Time Management
I get irritated easily when I have a lot on my plate.,Stress
I start tasks but never finish them efficiently.,Productivity
I have difficulty staying grounded in stressful situations.,Mindfulness
I miss deadlines due to poor planning.,Time Management
I feel mentally exhausted and drained.,Stress
I want to get more done in less time.,Productivity
I have difficulty staying grounded in stressful situations.,Mindfulness
I need a better way to track my daily activities.,Time Management
I feel mentally exhausted and drained.,Stress
How can I be more disciplined with my daily routine?,Productivity
How can I develop a routine for mindfulness?,Mindfulness
I need a better way to track my daily activities.,Time Management
I often panic under pressure.,Stress
I feel like I'm not making the most of my time.,Productivity
I need to be more mindful in my daily life.,Mindfulness
I need a better way to track my daily activities.,Time Management
I feel anxious when I have too many assignments.,Stress
I get sidetracked easily and waste time.,Productivity
How can I develop a routine for mindfulness?,Mindfulness
I can't manage my study and work schedules efficiently.,Time Management
Exam periods make me extremely nervous and overwhelmed.,Stress
How can I be more disciplined with my daily routine?,Productivity
I struggle to stay present in the moment.,Mindfulness
I need a better way to track my daily activities.,Time Management
I feel mentally exhausted and drained.,Stress
I start tasks but never finish them efficiently.,Productivity
How can I practice meditation for better well-being?,Mindfulness
I miss deadlines due to poor planning.,Time Management
I often panic under pressure.,Stress
I start tasks but never finish them efficiently.,Productivity
I need techniques to manage my thoughts effectively.,Mindfulness
My to-do list keeps getting longer every day.,Time Management
I feel anxious when I have too many assignments.,Stress
I start tasks but never finish them efficiently.,Productivity
I need to be more mindful in my daily life.,Mindfulness
My to-do list keeps getting longer every day.,Time Management
I get overwhelmed with responsibilities and expectations.,Stress
How can I stay focused during long study sessions?,Productivity
I struggle to stay present in the moment.,Mindfulness
I struggle to balance my coursework and social life.,Time Management
How can I stay calm in high-pressure situations?,Stress
How can I be more disciplined with my daily routine?,Productivity
I need techniques to manage my thoughts effectively.,Mindfulness
How can I stop wasting time on unnecessary tasks?,Time Management
I often panic under pressure.,Stress
How can I be more disciplined with my daily routine?,Productivity
How can I develop a routine for mindfulness?,Mindfulness
I often underestimate how long my tasks will take.,Time Management
I feel anxious when I have too many assignments.,Stress
How can I stay focused during long study sessions?,Productivity
How can I develop a routine for mindfulness?,Mindfulness
I can't manage my study and work schedules efficiently.,Time Management
How can I stay calm in high-pressure situations?,Stress
I want to get more done in less time.,Productivity
I feel disconnected from my surroundings often.,Mindfulness
I miss deadlines due to poor planning.,Time Management
How can I manage my stress during work and studies?,Stress
I need better techniques to improve my efficiency.,Productivity
I have difficulty staying grounded in stressful situations.,Mindfulness
I want to develop better scheduling habits.,Time Management
I feel mentally exhausted and drained.,Stress
I want to get more done in less time.,Productivity
I need to be more mindful in my daily life.,Mindfulness
I always struggle to complete my tasks on time.,Time Management
Exam periods make me extremely nervous and overwhelmed.,Stress
I keep getting distracted when working.,Productivity
I struggle to stay present in the moment.,Mindfulness
My to-do list keeps getting longer every day.,Time Management
Exam periods make me extremely nervous and overwhelmed.,Stress
I need better techniques to improve my efficiency.,Productivity
How can I reduce overthinking and increase awareness?,Mindfulness
I need a better way to track my daily activities.,Time Management
I feel anxious when I have too many assignments.,Stress
I get sidetracked easily and waste time.,Productivity
I need to be more mindful in my daily life.,Mindfulness
I need a better way to track my daily activities.,Time Management
I get irritated easily when I have a lot on my plate.,Stress
I get sidetracked easily and waste time.,Productivity
I struggle to stay present in the moment.,Mindfulness
I need a better way to track my daily activities.,Time Management
"I overthink small mistakes, which affects my confidence.",Stress
I get sidetracked easily and waste time.,Productivity
I feel disconnected from my surroundings often.,Mindfulness
I need a better way to track my daily activities.,Time Management
I feel mentally exhausted and drained.,Stress
I keep getting distracted when working.,Productivity
How can I reduce overthinking and increase awareness?,Mindfulness
I can't manage my study and work schedules efficiently.,Time Management
I feel mentally exhausted and drained.,Stress
I start tasks but never finish them efficiently.,Productivity
How can I practice meditation for better well-being?,Mindfulness
I struggle to balance my coursework and social life.,Time Management
"I overthink small mistakes, which affects my confidence.",Stress
I need better techniques to improve my efficiency.,Productivity
I find it hard to relax and unwind.,Mindfulness
I struggle to balance my coursework and social life.,Time Management
I feel anxious when I have too many assignments.,Stress
How can I stay focused during long study sessions?,Productivity
I want to improve my focus through mindfulness.,Mindfulness
I can't manage my study and work schedules efficiently.,Time Management
I get overwhelmed with responsibilities and expectations.,Stress
I keep getting distracted when working.,Productivity
I have difficulty staying grounded in stressful situations.,Mindfulness
I need a better way to track my daily activities.,Time Management
"I overthink small mistakes, which affects my confidence.",Stress
How can I be more disciplined with my daily routine?,Productivity
I want to improve my focus through mindfulness.,Mindfulness
I can't manage my study and work schedules efficiently.,Time Management
I get overwhelmed with responsibilities and expectations.,Stress
I struggle to concentrate when working from home.,Productivity
I want to improve my focus through mindfulness.,Mindfulness
I always struggle to complete my tasks on time.,Time Management
I struggle to sleep due to constant worrying.,Stress
How can I stay focused during long study sessions?,Productivity
How can I practice meditation for better well-being?,Mindfulness
I want to develop better scheduling habits.,Time Management
I get overwhelmed with responsibilities and expectations.,Stress
I want to get more done in less time.,Productivity
I want to improve my focus through mindfulness.,Mindfulness
I can't manage my study and work schedules efficiently.,Time Management
How can I stay calm in high-pressure situations?,Stress
I start tasks but never finish them efficiently.,Productivity
How can I reduce overthinking and increase awareness?,Mindfulness
My to-do list keeps getting longer every day.,Time Management
I get irritated easily when I have a lot on my plate.,Stress
I often lose motivation to complete my work.,Productivity
I need techniques to manage my thoughts effectively.,Mindfulness
I always struggle to complete my tasks on time.,Time Management
How can I stay calm in high-pressure situations?,Stress
I need better techniques to improve my efficiency.,Productivity
How can I practice meditation for better well-being?,Mindfulness
I want to develop better scheduling habits.,Time Management
"I overthink small mistakes, which affects my confidence.",Stress
I keep getting distracted when working.,Productivity
I need techniques to manage my thoughts effectively.,Mindfulness
I want to develop better scheduling habits.,Time Management
How can I stay calm in high-pressure situations?,Stress
How can I be more disciplined with my daily routine?,Productivity
I need to be more mindful in my daily life.,Mindfulness
I need a better way to track my daily activities.,Time Management
I get irritated easily when I have a lot on my plate.,Stress
I want to get more done in less time.,Productivity
I have difficulty staying grounded in stressful situations.,Mindfulness
I can't manage my study and work schedules efficiently.,Time Management
How can I stay calm in high-pressure situations?,Stress
I get sidetracked easily and waste time.,Productivity
I have difficulty staying grounded in stressful situations.,Mindfulness
I can't manage my study and work schedules efficiently.,Time Management
Exam periods make me extremely nervous and overwhelmed.,Stress
How can I stay focused during long study sessions?,Productivity
I have difficulty staying grounded in stressful situations.,Mindfulness
I struggle to balance my coursework and social life.,Time Management
I often panic under pressure.,Stress
I start tasks but never finish them efficiently.,Productivity
I want to improve my focus through mindfulness.,Mindfulness
I often underestimate how long my tasks will take.,Time Management
I struggle to sleep due to constant worrying.,Stress
How can I be more disciplined with my daily routine?,Productivity
I struggle to stay present in the moment.,Mindfulness
I need a better way to track my daily activities.,Time Management
I feel mentally exhausted and drained.,Stress
I feel like I'm not making the most of my time.,Productivity
I want to improve my focus through mindfulness.,Mindfulness
How can I improve my task prioritization skills?,Time Management
I get irritated easily when I have a lot on my plate.,Stress
I struggle to concentrate when working from home.,Productivity
I find it hard to relax and unwind.,Mindfulness
I miss deadlines due to poor planning.,Time Management
I get irritated easily when I have a lot on my plate.,Stress
I feel like I'm not making the most of my time.,Productivity
I need to be more mindful in my daily life.,Mindfulness
I miss deadlines due to poor planning.,Time Management
"I overthink small mistakes, which affects my confidence.",Stress
How can I be more disciplined with my daily routine?,Productivity
I struggle to stay present in the moment.,Mindfulness
How can I improve my task prioritization skills?,Time Management
How can I manage my stress during work and studies?,Stress
I struggle to concentrate when working from home.,Productivity
I feel disconnected from my surroundings often.,Mindfulness
I need a better way to track my daily activities.,Time Management
I get overwhelmed with responsibilities and expectations.,Stress
I start tasks but never finish them efficiently.,Productivity
How can I practice meditation for better well-being?,Mindfulness
How can I stop wasting time on unnecessary tasks?,Time Management
I feel anxious when I have too many assignments.,Stress
I need better techniques to improve my efficiency.,Productivity
How can I practice meditation for better well-being?,Mindfulness
How can I improve my task prioritization skills?,Time Management
I get irritated easily when I have a lot on my plate.,Stress
I feel like I'm not making the most of my time.,Productivity
I need to be more mindful in my daily life.,Mindfulness
I struggle to balance my coursework and social life.,Time Management
How can I manage my stress during work and studies?,Stress
How can I be more disciplined with my daily routine?,Productivity
I find it hard to relax and unwind.,Mindfulness
My to-do list keeps getting longer every day.,Time Management
How can I stay calm in high-pressure situations?,Stress
I struggle to concentrate when working from home.,Productivity
I need techniques to manage my thoughts effectively.,Mindfulness
How can I stop wasting time on unnecessary tasks?,Time Management
I feel anxious when I have too many assignments.,Stress
How can I stay focused during long study sessions?,Productivity
I want to improve my focus through mindfulness.,Mindfulness
How can I stop wasting time on unnecessary tasks?,Time Management
How can I manage my stress during work and studies?,Stress
I struggle to concentrate when working from home.,Productivity
How can I develop a routine for mindfulness?,Mindfulness
I always struggle to complete my tasks on time.,Time Management
How can I stay calm in high-pressure situations?,Stress
I feel like I'm not making the most of my time.,Productivity
I have difficulty staying grounded in stressful situations.,Mindfulness
I often underestimate how long my tasks will take.,Time Management
I get irritated easily when I have a lot on my plate.,Stress
How can I stay focused during long study sessions?,Productivity
I struggle to stay present in the moment.,Mindfulness
I miss deadlines due to poor planning.,Time Management
I feel anxious when I have too many assignments.,Stress
How can I be more disciplined with my daily routine?,Productivity
How can I practice meditation for better well-being?,Mindfulness
I miss deadlines due to poor planning.,Time Management
I struggle to sleep due to constant worrying.,Stress
I often lose motivation to complete my work.,Productivity
I find it hard to relax and unwind.,Mindfulness
I need a better way to track my daily activities.,Time Management
Exam periods make me extremely nervous and overwhelmed.,Stress
I want to get more done in less time.,Productivity
How can I develop a routine for mindfulness?,Mindfulness
I need a better way to track my daily activities.,Time Management
I struggle to sleep due to constant worrying.,Stress
I need better techniques to improve my efficiency.,Productivity
I need techniques to manage my thoughts effectively.,Mindfulness
How can I improve my task prioritization skills?,Time Management
I often panic under pressure.,Stress
How can I stay focused during long study sessions?,Productivity
How can I practice meditation for better well-being?,Mindfulness
I can't manage my study and work schedules efficiently.,Time Management
I get irritated easily when I have a lot on my plate.,Stress
I feel like I'm not making the most of my time.,Productivity
How can I practice meditation for better well-being?,Mindfulness
I need a better way to track my daily activities.,Time Management
I get overwhelmed with responsibilities and expectations.,Stress
I keep getting distracted when working.,Productivity
I want to improve my focus through mindfulness.,Mindfulness
I struggle to balance my coursework and social life.,Time Management
I get irritated easily when I have a lot on my plate.,Stress
How can I be more disciplined with my daily routine?,Productivity
How can I practice meditation for better well-being?,Mindfulness
I always struggle to complete my tasks on time.,Time Management
Exam periods make me extremely nervous and overwhelmed.,Stress
How can I stay focused during long study sessions?,Productivity
I need to be more mindful in my daily life.,Mindfulness
